{"accuracy": 0.8582834331337326, "roc_auc": 0.9145330136604694, "epochs_trained": 10}